shape,n,algorithm,time_ms,comparisons,moves,stable
random,1000,insertion,0.40520,248855,248855,yes
random,1000,merge,0.09840,8727,19952,yes
random,1000,gnome,0.99780,496711,495726,yes
random,2000,insertion,1.69860,988461,988462,yes
random,2000,merge,0.24940,19421,43904,yes
random,2000,gnome,3.95400,1974923,1972938,yes
random,4000,insertion,6.41480,4017530,4017531,yes
random,4000,merge,0.45420,42829,95808,yes
random,4000,gnome,21.40820,8031061,8027078,yes
random,8000,insertion,28.94740,15834821,15834824,yes
random,8000,merge,1.32520,93589,207616,yes
random,8000,gnome,64.80320,31661643,31653666,yes
sorted,1000,insertion,0.00260,999,0,yes
sorted,1000,merge,0.04680,4932,19952,yes
sorted,1000,gnome,0.00120,999,0,yes
sorted,2000,insertion,0.00500,1999,0,yes
sorted,2000,merge,0.06300,10864,43904,yes
sorted,2000,gnome,0.00200,1999,0,yes
sorted,4000,insertion,0.00980,3999,0,yes
sorted,4000,merge,0.13860,23728,95808,yes
sorted,4000,gnome,0.00360,3999,0,yes
sorted,8000,insertion,0.01900,7999,0,yes
sorted,8000,merge,0.34040,51456,207616,yes
sorted,8000,gnome,0.00700,7999,0,yes
reverse,1000,insertion,0.81320,499500,500499,yes
reverse,1000,merge,0.03280,5044,19952,yes
reverse,1000,gnome,2.08000,998001,999000,yes
reverse,2000,insertion,2.99560,1999000,2000999,yes
reverse,2000,merge,0.06400,11088,43904,yes
reverse,2000,gnome,9.33120,3996001,3998000,yes
reverse,4000,insertion,12.83720,7998000,8001999,yes
reverse,4000,merge,0.15500,24176,95808,yes
reverse,4000,gnome,35.24760,15992001,15996000,yes
reverse,8000,insertion,56.15480,31996000,32003999,yes
reverse,8000,merge,0.33960,52352,207616,yes
reverse,8000,gnome,125.89400,63984001,63992000,yes
duplicates,1000,insertion,0.33560,221969,221842,yes
duplicates,1000,merge,0.06280,8427,19952,yes
duplicates,1000,gnome,0.86720,442939,441944,yes
duplicates,2000,insertion,1.69740,858998,858753,yes
duplicates,2000,merge,0.13000,18739,43904,yes
duplicates,2000,gnome,3.27620,1715997,1714000,yes
duplicates,4000,insertion,7.20900,3527444,3526940,yes
duplicates,4000,merge,0.26900,41044,95808,yes
duplicates,4000,gnome,13.83900,7050889,7046894,yes
duplicates,8000,insertion,24.42580,13813577,13812589,yes
duplicates,8000,merge,0.66360,89892,207616,yes
duplicates,8000,gnome,58.08560,27619155,27611158,yes
